"ISO3166","Name","AltName1","AltName2"
"ABW","Aruba","",""
"AFG","Afghanistan","Islamic Republic of Afghanistan",""
"AGO","Angola","Republic of Angola",""
"AIA","Anguilla","",""
"ALA","Aland Islands","Åland Islands",""
"ALB","Albania","Republic of Albania",""
"AND","Andorra","Principality of Andorra",""
"ANT","Netherlands Antilles","",""
"ARE","United Arab Emirates","",""
"ARG","Argentina","Argentine Republic",""
"ARM","Armenia","Republic of Armenia",""
"ASM","American Samoa","Territory of American Samoa",""
"ATA","Antarctica","",""
"ATF","French Southern Territories","Territory of the French Southern and Ant",""
"ATG","Antigua and Barbuda","",""
"AUS","Australia","Commonwealth of Australia",""
"AUT","Austria","Republic of Austria",""
"AZE","Azerbaijan","Republic of Azerbaijan",""
"BDI","Burundi","Republic of Burundi",""
"BEL","Belgium","Kingdom of Belgium",""
"BEN","Benin","Republic of Benin",""
"BES","Bonaire, Saint Eustatius and Saba","",""
"BFA","Burkina Faso","",""
"BGD","Bangladesh","People's Republic of Bangladesh",""
"BGR","Bulgaria","Republic of Bulgaria",""
"BHR","Bahrain","Kingdom of Bahrain",""
"BHS","Bahamas","Commonwealth of The Bahamas",""
"BIH","Bosnia and Herzegovina","",""
"BLM","Saint Barthélemy","Saint-Barthélemy",""
"BLR","Belarus","Republic of Belarus",""
"BLZ","Belize","",""
"BMU","Bermuda","",""
"BOL","Bolivia","Bolivia (Plurinational State of)","Republic of Bolivia"
"BRA","Brazil","Federative Republic of Brazil",""
"BRB","Barbados","",""
"BRN","Brunei","Brunei Darussalam","Negara Brunei Darussalam"
"BTN","Bhutan","Kingdom of Bhutan",""
"BVT","Bouvet Island","",""
"BWA","Botswana","Republic of Botswana",""
"CAF","Central African Republic","",""
"CAN","Canada","",""
"CCK","Cocos Islands","Territory of Cocos (Keeling) Islands",""
"CHE","Switzerland","Swiss Confederation",""
"CHL","Chile","Republic of Chile",""
"CHN","China","People's Republic of China",""
"CIV","Ivory Coast","Côte d'Ivoire","Republic of Cote d'Ivoire"
"CMR","Cameroon","Republic of Cameroon",""
"COD","Democratic Republic of the Congo","Dem. Republic of the Congo","Congo (Democratic Republic of the)"
"COG","Republic of the Congo","Congo",""
"COK","Cook Islands","",""
"COL","Colombia","Republic of Colombia",""
"COM","Comoros","Union of the Comoros",""
"CPV","Cape Verde","Republic of Cape Verde",""
"CRI","Costa Rica","Republic of Costa Rica",""
"CUB","Cuba","Republic of Cuba",""
"CUW","Curacao","Curaçao",""
"CXR","Christmas Island","Territory of Christmas Island",""
"CYM","Cayman Islands","",""
"CYP","Cyprus","Republic of Cyprus",""
"CZE","Czech Republic","",""
"DEU","Germany","Federal Republic of Germany",""
"DJI","Djibouti","Republic of Djibouti",""
"DMA","Dominica","Commonwealth of Dominica",""
"DNK","Denmark","Kingdom of Denmark",""
"DOM","Dominican Republic","",""
"DZA","Algeria","People's Democratic Republic of Algeria",""
"ECU","Ecuador","Republic of Ecuador",""
"EGY","Egypt","Arab Republic of Egypt",""
"ERI","Eritrea","State of Eritrea",""
"ESH","Western Sahara","",""
"ESP","Spain","Kingdom of Spain",""
"EST","Estonia","Republic of Estonia",""
"ETH","Ethiopia","Federal Democratic Republic of Ethiopia",""
"FIN","Finland","Republic of Finland",""
"FJI","Fiji","Republic of the Fiji Islands",""
"FLK","Falkland Islands","Falkland Islands (Malvinas)","Falkland Islands (Islas Malvinas)"
"FRA","France","French Republic",""
"FRO","Faroe Islands","Faeroe Islands",""
"FSM","Micronesia","Micronesia (Federated States of)","Micronesia (Fed. States of)"
"GAB","Gabon","Gabonese Republic",""
"GBR","United Kingdom","United Kingdom of Great Britain and Northern Ireland","United Kingdom of Great Britain and Nort"
"GEO","Georgia","",""
"GGY","Guernsey","",""
"GHA","Ghana","Republic of Ghana",""
"GIB","Gibraltar","",""
"GIN","Guinea","Republic of Guinea",""
"GLP","Guadeloupe","Department of Guadeloupe",""
"GMB","Gambia","Republic of The Gambia",""
"GNB","Guinea-Bissau","Republic of Guinea-Bissau",""
"GNQ","Equatorial Guinea","Republic of Equatorial Guinea",""
"GRC","Greece","Hellenic Republic",""
"GRD","Grenada","",""
"GRL","Greenland","",""
"GTM","Guatemala","Republic of Guatemala",""
"GUF","French Guiana","Department of Guiana",""
"GUM","Guam","Territory of Guam",""
"GUY","Guyana","Co-operative Republic of Guyana",""
"HKG","Hong Kong","China, Hong Kong Special Administrative Region","Hong Kong, China (SAR)"
"HMD","Heard Island and McDonald Islands","Territory of Heard Island and McDonald I",""
"HND","Honduras","Republic of Honduras",""
"HRV","Croatia","Republic of Croatia",""
"HTI","Haiti","Republic of Haiti",""
"HUN","Hungary","Republic of Hungary",""
"IDN","Indonesia","Republic of Indonesia",""
"IMN","Isle of Man","",""
"IND","India","Republic of India",""
"IOT","British Indian Ocean Territory","",""
"IRL","Ireland","",""
"IRN","Iran","Iran (Islamic Republic of)","Islamic Republic of Iran"
"IRQ","Iraq","Republic of Iraq",""
"ISL","Iceland","Republic of Iceland",""
"ISR","Israel","State of Israel",""
"ITA","Italy","Italian Republic",""
"JAM","Jamaica","",""
"JEY","Jersey","",""
"JOR","Jordan","Hashemite Kingdom of Jordan",""
"JPN","Japan","",""
"KAZ","Kazakhstan","Republic of Kazakhstan",""
"KEN","Kenya","Republic of Kenya",""
"KGZ","Kyrgyzstan","Kyrgyz Republic",""
"KHM","Cambodia","Kingdom of Cambodia",""
"KIR","Kiribati","Republic of Kiribati",""
"KNA","Saint Kitts and Nevis","Federation of Saint Kitts and Nevis",""
"KOR","South Korea","Republic of Korea","Korea (Republic of)"
"KWT","Kuwait","State of Kuwait",""
"LAO","Laos","Lao People's Democratic Republic","Lao People's Dem. Republic"
"LBN","Lebanon","Lebanese Republic",""
"LBR","Liberia","Republic of Liberia",""
"LBY","Libya","Libyan Arab Jamahiriya","Great Socialist People's Libyan Arab Jam"
"LCA","Saint Lucia","St. Lucia",""
"LIE","Liechtenstein","Principality of Liechtenstein",""
"LKA","Sri Lanka","Democratic Socialist Republic of Sri Lan",""
"LSO","Lesotho","Kingdom of Lesotho",""
"LTU","Lithuania","Republic of Lithuania",""
"LUX","Luxembourg","Grand Duchy of Luxembourg",""
"LVA","Latvia","Republic of Latvia",""
"MAC","Macao","China, Macao Special Administrative Region","China, Macao SAR"
"MAF","Saint Martin","Saint-Martin (French part)",""
"MAR","Morocco","Kingdom of Morocco",""
"MCO","Monaco","Principality of Monaco",""
"MDA","Moldova","Republic of Moldova","Moldova (Republic of)"
"MDG","Madagascar","Republic of Madagascar",""
"MDV","Maldives","Republic of Maldives",""
"MEX","Mexico","United Mexican States",""
"MHL","Marshall Islands","Republic of the Marshall Islands",""
"MKD","Macedonia","The former Yugoslav Republic of Macedonia","TFYR Macedonia"
"MLI","Mali","Republic of Mali",""
"MLT","Malta","Republic of Malta",""
"MMR","Myanmar","Union of Myanmar",""
"MNE","Montenegro","Republic of Montenegro",""
"MNG","Mongolia","",""
"MNP","Northern Mariana Islands","Commonwealth of the Northern Mariana Isl",""
"MOZ","Mozambique","Republic of Mozambique",""
"MRT","Mauritania","Islamic Republic of Mauritania",""
"MSR","Montserrat","",""
"MTQ","Martinique","Department of Martinique",""
"MUS","Mauritius","Republic of Mauritius",""
"MWI","Malawi","Republic of Malawi",""
"MYS","Malaysia","",""
"MYT","Mayotte","Territorial Collectivity of Mayotte",""
"NAM","Namibia","Republic of Namibia",""
"NCL","New Caledonia","Territory of New Caledonia and Dependenc",""
"NER","Niger","Republic of Niger",""
"NFK","Norfolk Island","Territory of Norfolk Island",""
"NGA","Nigeria","Federal Republic of Nigeria",""
"NIC","Nicaragua","Republic of Nicaragua",""
"NIU","Niue","",""
"NLD","Netherlands","Kingdom of the Netherlands",""
"NOR","Norway","Kingdom of Norway",""
"NPL","Nepal","Kingdom of Nepal",""
"NRU","Nauru","Republic of Nauru",""
"NZL","New Zealand","",""
"OMN","Oman","Sultanate of Oman",""
"PAK","Pakistan","Islamic Republic of Pakistan",""
"PAN","Panama","Republic of Panama",""
"PCN","Pitcairn","Pitcairn, Henderson, Ducie, and Oeno Isl",""
"PER","Peru","Republic of Peru",""
"PHL","Philippines","Republic of the Philippines",""
"PLW","Palau","Republic of Palau",""
"PNG","Papua New Guinea","Independent State of Papua New Guinea",""
"POL","Poland","Republic of Poland",""
"PRI","Puerto Rico","Commonwealth of Puerto Rico",""
"PRK","North Korea","Democratic People's Republic of Korea","Korea (Democratic People's Rep. of)"
"PRT","Portugal","Portuguese Republic",""
"PRY","Paraguay","Republic of Paraguay",""
"PSE","Palestinian Territory","Occupied Palestinian Territory","Gaza Strip"
"PYF","French Polynesia","Territory of French Polynesia",""
"QAT","Qatar","State of Qatar",""
"REU","Reunion","Réunion","Department of Reunion"
"ROU","Romania","",""
"RUS","Russia","Russian Federation",""
"RWA","Rwanda","Republic of Rwanda",""
"SAU","Saudi Arabia","Kingdom of Saudi Arabia",""
"SCG","Serbia and Montenegro","",""
"SDN","Sudan","Republic of the Sudan",""
"SEN","Senegal","Republic of Senegal",""
"SGP","Singapore","Republic of Singapore",""
"SGS","South Georgia and the South Sandwich Islands","South Georgia and the South Sandwich Is",""
"SHN","Saint Helena","St. Helena",""
"SJM","Svalbard and Jan Mayen","Svalbard and Jan Mayen Islands","Svalbard"
"SLB","Solomon Islands","",""
"SLE","Sierra Leone","Republic of Sierra Leone",""
"SLV","El Salvador","Republic of El Salvador",""
"SMR","San Marino","Republic of San Marino",""
"SOM","Somalia","",""
"SPM","Saint Pierre and Miquelon","Territorial Collectivity of Saint Pierre",""
"SRB","Serbia","Republic of Serbia",""
"STP","Sao Tome and Principe","",""
"SUR","Suriname","Republic of Suriname",""
"SVK","Slovakia","Slovak Republic",""
"SVN","Slovenia","Republic of Slovenia",""
"SWE","Sweden","Kingdom of Sweden",""
"SWZ","Swaziland","Kingdom of Swaziland",""
"SXM","Sint Maarten","Sint Maarten (Dutch part)",""
"SYC","Seychelles","Republic of Seychelles",""
"SYR","Syria","Syrian Arab Republic",""
"TCA","Turks and Caicos Islands","",""
"TCD","Chad","Republic of Chad",""
"TGO","Togo","Togolese Republic",""
"THA","Thailand","Kingdom of Thailand",""
"TJK","Tajikistan","Republic of Tajikistan",""
"TKL","Tokelau","",""
"TKM","Turkmenistan","",""
"TLS","East Timor","Timor-Leste","Democratic Republic of Timor-Leste"
"TON","Tonga","Kingdom of Tonga",""
"TTO","Trinidad and Tobago","Republic of Trinidad and Tobago",""
"TUN","Tunisia","Tunisian Republic",""
"TUR","Turkey","Republic of Turkey",""
"TUV","Tuvalu","",""
"TWN","Taiwan","",""
"TZA","Tanzania","United Republic of Tanzania","Tanzania (United Republic of)"
"UGA","Uganda","Republic of Uganda",""
"UKR","Ukraine","",""
"UMI","United States Minor Outlying Islands","",""
"URY","Uruguay","Oriental Republic of Uruguay",""
"USA","United States","United States of America",""
"UZB","Uzbekistan","Republic of Uzbekistan",""
"VAT","Vatican","Holy See",""
"VCT","Saint Vincent and the Grenadines","St. Vincent and the Grenadines",""
"VEN","Venezuela","Venezuela (Bolivarian Republic of)","Bolivarian Republic of Venezuela"
"VGB","British Virgin Islands","",""
"VIR","U.S. Virgin Islands","United States Virgin Islands",""
"VNM","Vietnam","Viet Nam","Socialist Republic of Vietnam"
"VUT","Vanuatu","Republic of Vanuatu",""
"WLF","Wallis and Futuna","Wallis and Futuna Islands","Territory of the Wallis and Futuna Islan"
"WSM","Samoa","Independent State of Samoa",""
"XKX","Kosovo","",""
"YEM","Yemen","Republic of Yemen",""
"ZAF","South Africa","Republic of South Africa",""
"ZMB","Zambia","Republic of Zambia",""
"ZWE","Zimbabwe","Republic of Zimbabwe",""
